TRNO,Date,SWAD,LWAD,GWAD,CWAD,RWAD,PWAD,FLWAD,CHTD,CWID,L#SD,G#AD,P#AD,GSTD,RDPD,n_raw_rows,experiment,LAID
1,2021-05-18,33,23.1,NA,56.1,10.2,NA,NA,NA,NA,NA,NA,NA,NA,NA,1,UFCI2101,NA
1,2021-05-24,17.16,28.46,NA,45.62,14.5,NA,NA,0.203,NA,3,NA,NA,NA,NA,1,UFCI2101,NA
1,2021-05-26,55.44,57.75,NA,113.2,28.5,NA,NA,0.317,0.22,4,NA,NA,NA,NA,1,UFCI2101,NA
1,2021-06-18,959.35,890.35,NA,1849.5,101.16666666666667,NA,NA,0.72375,NA,NA,NA,NA,NA,NA,4,UFCI2101,NA
1,2021-06-25,1158.3,959.7,NA,2117.875,NA,NA,NA,0.857,NA,NA,NA,NA,NA,NA,8,UFCI2101,NA
1,2021-07-02,2066.4,1009.12,NA,3076,426.3333333333333,NA,NA,1.3798,NA,NA,NA,NA,NA,NA,5,UFCI2101,NA
1,2021-07-16,2521.3333333333335,1456.3333333333333,NA,3977.6666666666665,467.25,NA,NA,1.8900000000000001,0.28,15,NA,NA,NA,NA,4,UFCI2101,NA
1,2021-07-25,3837,1834,NA,5659.75,560.2,NA,NA,1.8675,0.3175,19.75,NA,NA,NA,NA,4,UFCI2101,NA
1,2021-08-01,4997,2194.3333333333335,NA,7192,NA,NA,NA,NA,NA,NA,NA,NA,NA,NA,3,UFCI2101,NA
1,2021-08-15,4895.4,1838.2,137.325,7044.2,788.6666666666666,NA,NA,2.054,0.338,NA,NA,NA,NA,NA,5,UFCI2101,NA
1,2021-08-25,NA,NA,446.73333333333335,NA,NA,NA,NA,2.0566666666666666,0.36,18.666666666666668,NA,NA,NA,NA,3,UFCI2101,NA
1,2021-09-01,4743.333333333333,1110.6666666666667,NA,5873.333333333333,NA,NA,NA,2.0549999999999997,0.33999999999999997,20.333333333333332,NA,NA,NA,NA,3,UFCI2101,NA
1,2021-09-10,3749.5,1074.25,784.95,5359.75,NA,NA,NA,1.8575,0.4925,NA,NA,NA,NA,NA,4,UFCI2101,NA
1,2021-09-30,NA,NA,871.32,5007.4,573,NA,NA,2.061,0.408,21.4,NA,NA,NA,NA,5,UFCI2101,NA
2,2021-05-25,19.45,48.623333333333335,NA,68.08333333333333,3.404,NA,NA,NA,NA,NA,NA,NA,NA,NA,3,UFCI2101,NA
2,2021-07-01,395.90000000000003,334.23333333333335,22.083333333333332,752,53.916666666666664,NA,NA,NA,NA,NA,NA,NA,NA,NA,3,UFCI2101,NA
2,2021-08-04,550,143,207,900,88.5,NA,NA,NA,NA,NA,NA,NA,NA,NA,4,UFCI2101,NA
3,2021-05-25,77.78,194.5,NA,272.3333333333333,13.616666666666667,NA,NA,NA,NA,NA,NA,NA,NA,NA,3,UFCI2101,NA
3,2021-07-01,916.7333333333333,670.3,88.33333333333333,1675.6666666666667,215.66666666666666,NA,NA,NA,NA,NA,NA,NA,NA,NA,3,UFCI2101,NA
3,2021-08-04,1545.5,812.5,906,3264,429,NA,NA,NA,NA,NA,NA,NA,NA,NA,4,UFCI2101,NA
1,2022-06-02,14,24.857142857142858,NA,38.857142857142854,NA,NA,NA,0.1457142857142857,0.12071428571428572,6.571428571428571,NA,NA,NA,NA,7,UFCI2201,NA
1,2022-06-21,93,118.33333333333333,NA,325.05,NA,NA,NA,0.2966666666666667,0.1525,9.166666666666666,NA,NA,NA,NA,10,UFCI2201,NA
1,2022-07-08,NA,NA,NA,1092.225,NA,NA,NA,NA,NA,NA,NA,NA,NA,NA,4,UFCI2201,NA
1,2022-07-12,809.42,671.4,NA,1480.6,366,NA,NA,0.8079999999999999,0.18,12.4,NA,NA,NA,NA,5,UFCI2201,NA
1,2022-07-21,882.8,653.6,NA,1593.0785714285714,NA,NA,NA,0.787,0.231,16.3,NA,NA,NA,NA,14,UFCI2201,NA
1,2022-09-15,1532,323.93333333333334,414.85,1709.4857142857143,399.0571428571429,NA,NA,1.4966666666666666,0.45666666666666667,20.666666666666668,NA,NA,NA,NA,7,UFCI2201,NA
2,2022-06-18,NA,NA,NA,2047.5,NA,NA,NA,NA,NA,NA,NA,NA,NA,NA,4,UFCI2201,NA
2,2022-06-24,1357.7142857142858,1242.2857142857142,NA,2885.714285714286,NA,NA,NA,NA,0.25857142857142856,13.571428571428571,NA,NA,NA,NA,7,UFCI2201,NA
2,2022-07-08,NA,NA,NA,4207.5,NA,NA,NA,NA,NA,NA,NA,NA,NA,NA,4,UFCI2201,NA
2,2022-07-21,3774.5833333333335,2145.991666666667,34.96,6159.5,914.75,NA,NA,1.9408333333333334,0.2775,18.916666666666668,NA,NA,NA,NA,16,UFCI2201,NA
2,2022-07-28,4434.75,2616.5,NA,7051.25,970.5,NA,NA,1.9575,0.2975,20.75,NA,NA,NA,NA,4,UFCI2201,NA
2,2022-08-16,4676.25,2980.75,204.01666666666668,7867.25,972.025,NA,NA,2.18,NA,NA,NA,NA,NA,NA,21,UFCI2201,NA
2,2022-08-22,4727.5,2441.75,NA,7169.5,1113.125,NA,NA,2.11,NA,NA,NA,NA,NA,NA,4,UFCI2201,NA
2,2022-08-30,4756.4,1970.8,NA,6728,958.8666666666667,NA,NA,2.054,0.424,22.2,NA,NA,NA,NA,5,UFCI2201,NA
2,2022-09-15,NA,NA,958,6110.75,946.7666666666667,NA,NA,NA,NA,NA,NA,NA,NA,NA,4,UFCI2201,NA
3,2022-06-02,44.36666666666667,60.63333333333333,NA,104.23333333333333,NA,NA,NA,0.31333333333333335,0.14916666666666667,9.666666666666666,NA,NA,NA,NA,6,UFCI2201,NA
3,2022-06-21,NA,NA,NA,190.225,NA,NA,NA,NA,NA,NA,NA,NA,NA,NA,4,UFCI2201,NA
3,2022-06-24,144.4,173.6,NA,318,NA,NA,NA,NA,NA,NA,NA,NA,NA,NA,5,UFCI2201,NA
3,2022-07-21,231.425,165.875,NA,397.3,NA,NA,NA,NA,NA,NA,NA,NA,NA,NA,4,UFCI2201,NA
3,2022-08-08,102.06666666666666,35.833333333333336,84.8,226.03333333333336,6.354,NA,NA,NA,NA,NA,NA,NA,NA,NA,3,UFCI2201,NA
4,2022-06-08,269.45714285714286,286.2142857142857,NA,575.4142857142857,NA,NA,NA,0.91,0.22571428571428573,8.571428571428571,NA,NA,NA,NA,7,UFCI2201,NA
4,2022-06-21,472.4,472.4,31.56,1045.81,NA,NA,NA,0.723,0.2296,15,NA,NA,NA,NA,10,UFCI2201,NA
4,2022-07-08,831.525,1093.575,462.4,1954.6666666666667,553,NA,NA,1.2025000000000001,0.27,12.75,NA,NA,NA,NA,9,UFCI2201,NA
4,2022-07-21,NA,NA,NA,2865.4,NA,NA,NA,NA,NA,NA,NA,NA,NA,NA,5,UFCI2201,NA
4,2022-08-08,NA,NA,829.88,2753.6,167.72,NA,NA,NA,NA,NA,NA,NA,NA,NA,5,UFCI2201,NA
1,2021-07-02,141.025,149.7,NA,290.775,54.45,NA,NA,0.40575,NA,6,NA,NA,NA,NA,4,UFJA2101,NA
1,2021-07-07,231.63333333333335,245.83333333333334,NA,477.5,64.9,NA,NA,0.546,NA,7.666666666666667,NA,NA,NA,NA,3,UFJA2101,NA
1,2021-07-25,510.6,504.52500000000003,NA,1014.925,NA,NA,NA,1.325,NA,NA,NA,NA,NA,NA,4,UFJA2101,NA
1,2021-08-14,1431.1,809.6333333333333,NA,2241,162,NA,NA,1.672,NA,16.5,NA,NA,NA,NA,3,UFJA2101,NA
1,2021-09-25,NA,NA,217.3,NA,NA,NA,NA,NA,NA,NA,NA,NA,NA,NA,3,UFJA2101,NA
2,2021-06-29,285.3,452.8,NA,738.2,NA,NA,NA,NA,NA,NA,NA,NA,NA,NA,1,UFJA2101,NA
2,2021-07-02,510.8,405.8666666666667,NA,916.6333333333333,101.16666666666667,NA,NA,0.8380000000000001,0.2665,NA,NA,NA,NA,NA,3,UFJA2101,NA
2,2021-07-07,558.5666666666667,509.8,NA,1068.2666666666667,231,NA,NA,0.6094999999999999,0.3425,7,NA,NA,NA,NA,3,UFJA2101,NA
2,2021-07-14,1287.7333333333333,1210.7666666666667,NA,2498.6666666666665,NA,NA,NA,NA,NA,NA,NA,NA,NA,NA,3,UFJA2101,NA
2,2021-07-25,2339.25,1842.5,NA,4182,NA,NA,NA,NA,NA,NA,NA,NA,NA,NA,4,UFJA2101,NA
2,2021-08-14,4934.75,2294.25,NA,7229.25,NA,NA,NA,NA,NA,NA,NA,NA,NA,NA,4,UFJA2101,NA
2,2021-09-25,NA,NA,811.6,NA,NA,NA,NA,NA,NA,NA,NA,NA,NA,NA,4,UFJA2101,NA
3,2021-07-14,335.85,261.4,NA,624.9,61.894999999999996,NA,NA,0.704,NA,NA,NA,NA,NA,NA,2,UFJA2101,NA
3,2021-07-25,469.4,350.375,NA,819.675,NA,NA,NA,NA,NA,NA,NA,NA,NA,NA,4,UFJA2101,NA
3,2021-08-14,546.25,375,NA,1069.6,142.89999999999998,NA,NA,NA,NA,NA,NA,NA,NA,NA,2,UFJA2101,NA
3,2021-08-26,NA,NA,67.925,NA,NA,NA,NA,NA,NA,15,NA,NA,NA,NA,4,UFJA2101,NA
4,2021-07-14,665.55,742.95,NA,1408.5,389.5,NA,NA,1.0375,0.203,NA,NA,NA,NA,NA,2,UFJA2101,NA
4,2021-07-25,1220.25,974.3,NA,2169.75,NA,NA,NA,NA,NA,NA,NA,NA,NA,NA,4,UFJA2101,NA
4,2021-07-29,NA,NA,154.5,NA,NA,NA,NA,NA,NA,NA,NA,NA,NA,NA,2,UFJA2101,NA
4,2021-08-14,1834.5,724.5,354.75,2914.5,432.75,NA,NA,1.371,0.254,NA,NA,NA,NA,NA,2,UFJA2101,NA
4,2021-08-26,NA,NA,332.775,NA,NA,NA,NA,NA,NA,15.75,NA,NA,NA,NA,4,UFJA2101,NA
1,2022-07-08,1319,995.9363636363637,NA,2360.909090909091,302.1181818181818,NA,NA,1.221,0.2675,14,NA,NA,NA,NA,11,UFJA2201,NA
1,2022-07-20,2083.6,1377.4,NA,3461.4,330.4,NA,NA,1.41,0.19,NA,NA,NA,NA,NA,5,UFJA2201,NA
1,2022-08-08,2818,1499.5,NA,4318.5,NA,NA,NA,1.5150000000000001,NA,NA,NA,NA,NA,NA,2,UFJA2201,NA
1,2022-08-29,3270.2,1562.6,NA,4833.4,340.42,NA,NA,1.645,0.2175,24.4,NA,NA,NA,NA,5,UFJA2201,NA
2,2022-07-08,2793.6666666666665,1559,NA,4320.333333333333,1436.725,NA,NA,1.8025,0.4,16,NA,NA,NA,NA,4,UFJA2201,NA
2,2022-07-20,4283.333333333333,2527.6666666666665,NA,5807.25,1295,NA,NA,1.8466666666666667,0.43,NA,NA,NA,NA,NA,4,UFJA2201,NA
2,2022-08-08,5191,3177.5,NA,8369,NA,NA,NA,2.375,NA,19.5,NA,NA,NA,NA,2,UFJA2201,NA
2,2022-08-29,7652.75,2391.5,NA,10045,1257.2,NA,NA,2.8125,0.51375,24.5,NA,NA,NA,NA,4,UFJA2201,NA
3,2022-07-08,485.73333333333335,769.4333333333334,NA,1255,NA,NA,NA,NA,NA,NA,NA,NA,NA,NA,3,UFJA2201,NA
3,2022-07-20,640.4,1064.7333333333333,NA,1705,NA,NA,NA,NA,NA,NA,NA,NA,NA,NA,3,UFJA2201,NA
4,2022-07-08,1557.5,1742.5,NA,3024.25,NA,NA,NA,NA,NA,NA,NA,NA,NA,NA,4,UFJA2201,NA
4,2022-07-20,2264.25,2149.75,NA,4464.75,NA,NA,NA,NA,NA,NA,NA,NA,NA,NA,4,UFJA2201,NA
