simulation_no,situation,experiment,variable,n_pairs,d,rmse,obs_mean,sim_mean,obs_flowering_date,sim_flowering_date,flowering_diff_days
1,UFCI2101_1,UFCI2101,L#SD,12,0.9899984665682476,1.2391379918971748,13.825,14.216666666666667,2021-06-06,2021-06-05,-1
1,UFCI2101_1,UFCI2101,GSTD,0,NA,NA,NA,NA,2021-06-06,2021-06-05,-1
1,UFCI2101_1,UFCI2101,SWAD,12,0.9793943516026271,518.2742890209635,2419.4347222222223,2108.5,2021-06-06,2021-06-05,-1
1,UFCI2101_1,UFCI2101,GWAD,4,0.5917077768997872,334.1962902382786,560.0820833333333,807.5,2021-06-06,2021-06-05,-1
1,UFCI2101_1,UFCI2101,RWAD,9,0.7858668400913248,395.8629054450637,329.97962962962964,628.4444444444445,2021-06-06,2021-06-05,-1
1,UFCI2101_1,UFCI2101,CWAD,13,0.9906521366459434,498.2692507053835,3644.0303846153847,3670.153846153846,2021-06-06,2021-06-05,-1
1,UFCI2101_1,UFCI2101,PWAD,0,NA,NA,NA,NA,2021-06-06,2021-06-05,-1
1,UFCI2101_1,UFCI2101,CHTD,15,0.9778043063186697,0.21668885540163832,1.4115416666666667,1.5653333333333332,2021-06-06,2021-06-05,-1
1,UFCI2101_1,UFCI2101,CWID,13,0.4667423483848525,0.14065195040896572,0.3001923076923077,0.19692307692307692,2021-06-06,2021-06-05,-1
1,UFCI2101_1,UFCI2101,RDPD,0,NA,NA,NA,NA,2021-06-06,2021-06-05,-1
2,UFCI2101_2,UFCI2101,L#SD,2,0.9931266657315192,0.9620579793107871,9.333333333333334,8.4,2021-05-28,2021-05-29,1
2,UFCI2101_2,UFCI2101,GSTD,0,NA,NA,NA,NA,2021-05-28,2021-05-29,1
2,UFCI2101_2,UFCI2101,SWAD,3,0.8844308396711406,130.38662060707506,321.78333333333336,239,2021-05-28,2021-05-29,1
2,UFCI2101_2,UFCI2101,GWAD,2,0.8340535818299404,53.57008000948125,114.54166666666667,118,2021-05-28,2021-05-29,1
2,UFCI2101_2,UFCI2101,RWAD,3,0.6887466645101876,55.980477233221755,48.60688888888889,96,2021-05-28,2021-05-29,1
2,UFCI2101_2,UFCI2101,CWAD,3,0.9380436836497361,164.02896791364267,573.3611111111111,467.3333333333333,2021-05-28,2021-05-29,1
2,UFCI2101_2,UFCI2101,PWAD,0,NA,NA,NA,NA,2021-05-28,2021-05-29,1
2,UFCI2101_2,UFCI2101,CHTD,7,0.8564262555487764,0.2610049500838135,0.44965238095238097,0.6471428571428571,2021-05-28,2021-05-29,1
2,UFCI2101_2,UFCI2101,CWID,1,0,0.025333333333333333,0.06466666666666666,0.09,2021-05-28,2021-05-29,1
2,UFCI2101_2,UFCI2101,RDPD,0,NA,NA,NA,NA,2021-05-28,2021-05-29,1
3,UFCI2101_3,UFCI2101,L#SD,2,0.9865428958465151,1.3268592824996759,9.666666666666666,8.55,2021-05-28,2021-05-29,1
3,UFCI2101_3,UFCI2101,GSTD,0,NA,NA,NA,NA,2021-05-28,2021-05-29,1
3,UFCI2101_3,UFCI2101,SWAD,3,0.996973760779962,68.01430285309549,846.6711111111111,805.3333333333334,2021-05-28,2021-05-29,1
3,UFCI2101_3,UFCI2101,GWAD,2,0.94848522505094,151.378297284944,497.1666666666667,510,2021-05-28,2021-05-29,1
3,UFCI2101_3,UFCI2101,RWAD,3,0.9457346202098895,90.55923424702424,219.42777777777778,296.6666666666667,2021-05-28,2021-05-29,1
3,UFCI2101_3,UFCI2101,CWAD,3,0.9921622616441829,215.27802867368888,1737.3333333333333,1668.3333333333333,2021-05-28,2021-05-29,1
3,UFCI2101_3,UFCI2101,PWAD,0,NA,NA,NA,NA,2021-05-28,2021-05-29,1
3,UFCI2101_3,UFCI2101,CHTD,7,0.9513066596739322,0.2255497759444053,0.9075285714285715,0.7471428571428571,2021-05-28,2021-05-29,1
3,UFCI2101_3,UFCI2101,CWID,1,0,0.016333333333333325,0.11633333333333333,0.1,2021-05-28,2021-05-29,1
3,UFCI2101_3,UFCI2101,RDPD,0,NA,NA,NA,NA,2021-05-28,2021-05-29,1
4,UFCI2201_1,UFCI2201,GSTD,0,NA,NA,NA,NA,2022-06-02,2022-06-02,0
4,UFCI2201_1,UFCI2201,SWAD,5,0.8789280943734656,310.40682221884236,666.244,592.6,2022-06-02,2022-06-02,0
4,UFCI2201_1,UFCI2201,GWAD,1,0,267.85,414.85,147,2022-06-02,2022-06-02,0
4,UFCI2201_1,UFCI2201,CWAD,6,0.9553912633283108,236.3974774951531,1039.882738095238,999.1666666666666,2022-06-02,2022-06-02,0
4,UFCI2201_1,UFCI2201,CHTD,12,0.8095895888043808,0.5004228357737767,0.6672384590847306,1.1191666666666666,2022-06-02,2022-06-02,0
4,UFCI2201_1,UFCI2201,CWID,5,0.25596312486318873,0.1231107243643491,0.22817619047619048,0.2,2022-06-02,2022-06-02,0
5,UFCI2201_2,UFCI2201,GSTD,0,NA,NA,NA,NA,2022-06-02,2022-06-02,0
5,UFCI2201_2,UFCI2201,SWAD,6,0.9458933658150874,652.1643161039691,3954.5329365079365,4124.166666666667,2022-06-02,2022-06-02,0
5,UFCI2201_2,UFCI2201,GWAD,3,0.7903050331724201,390.85625172794,398.9922222222222,722.6666666666666,2022-06-02,2022-06-02,0
5,UFCI2201_2,UFCI2201,CWAD,9,0.9368657122224708,1169.3520616945705,5580.773809523809,6065.222222222223,2022-06-02,2022-06-02,0
5,UFCI2201_2,UFCI2201,CHTD,13,0.9979075766724863,0.06851391408281189,1.527300385511924,1.5353846153846153,2022-06-02,2022-06-02,0
5,UFCI2201_2,UFCI2201,CWID,4,0.420492730721053,0.13145256962579502,0.31439285714285714,0.2,2022-06-02,2022-06-02,0
6,UFCI2201_3,UFCI2201,GSTD,0,NA,NA,NA,NA,2022-05-25,2022-05-26,1
6,UFCI2201_3,UFCI2201,SWAD,4,0.5373636608214745,170.55658605031613,130.56458333333333,247.5,2022-05-25,2022-05-26,1
6,UFCI2201_3,UFCI2201,GWAD,1,0,43.2,84.8,128,2022-05-25,2022-05-26,1
6,UFCI2201_3,UFCI2201,CWAD,5,0.5694942791645969,241.57750151061484,247.15833333333333,415.8,2022-05-25,2022-05-26,1
6,UFCI2201_3,UFCI2201,CHTD,9,0.640493359074287,0.4651510996705171,0.34882407407407406,0.7244444444444444,2022-05-25,2022-05-26,1
6,UFCI2201_3,UFCI2201,CWID,1,0,0.05083333333333334,0.14916666666666667,0.2,2022-05-25,2022-05-26,1
7,UFCI2201_4,UFCI2201,GSTD,0,NA,NA,NA,NA,2022-05-25,2022-05-26,1
7,UFCI2201_4,UFCI2201,SWAD,3,0.9729194341599078,90.708484464859,524.4607142857143,535,2022-05-25,2022-05-26,1
7,UFCI2201_4,UFCI2201,GWAD,3,0.9647578696462398,112.5810641271435,441.28,353.3333333333333,2022-05-25,2022-05-26,1
7,UFCI2201_4,UFCI2201,CWAD,5,0.9851480201449033,222.40391816776048,1838.9781904761905,1750,2022-05-25,2022-05-26,1
7,UFCI2201_4,UFCI2201,CHTD,8,0.9086431956627414,0.22523674168243288,0.7625693181818182,0.83875,2022-05-25,2022-05-26,1
7,UFCI2201_4,UFCI2201,CWID,3,0.4228618770135587,0.046322724768001,0.24177142857142858,0.2,2022-05-25,2022-05-26,1
8,UFJA2101_1,UFJA2101,L#SD,5,0.9083782576654803,2.5313149854483843,11.113333333333333,13.54,2021-07-05,2021-07-06,1
8,UFJA2101_1,UFJA2101,SWAD,4,0.9851284275689215,117.18257308161384,578.5895833333333,591,2021-07-05,2021-07-06,1
8,UFJA2101_1,UFJA2101,GWAD,1,0,5.300000000000011,217.3,212,2021-07-05,2021-07-06,1
8,UFJA2101_1,UFJA2101,RWAD,3,0.36674900659369514,302.12531202576633,93.78333333333333,312.6666666666667,2021-07-05,2021-07-06,1
8,UFJA2101_1,UFJA2101,CWAD,4,0.991167192870589,136.22014007664214,1006.05,1067.75,2021-07-05,2021-07-06,1
8,UFJA2101_1,UFJA2101,CHTD,7,0.8718236497267768,0.3386915173555006,0.90175,1.1071428571428572,2021-07-05,2021-07-06,1
8,UFJA2101_1,UFJA2101,CWID,1,0,0.06619999999999998,0.2662,0.2,2021-07-05,2021-07-06,1
9,UFJA2101_2,UFJA2101,L#SD,3,0.957081480364815,1.9885086539079144,14.916666666666666,15.433333333333334,2021-07-05,2021-07-06,1
9,UFJA2101_2,UFJA2101,SWAD,6,0.9807538028370085,415.3372486216383,1652.7333333333333,1343.1666666666667,2021-07-05,2021-07-06,1
9,UFJA2101_2,UFJA2101,GWAD,1,0,403.4,811.6,1215,2021-07-05,2021-07-06,1
9,UFJA2101_2,UFJA2101,RWAD,2,0.5312793717900715,159.4349832655584,166.08333333333334,325.5,2021-07-05,2021-07-06,1
9,UFJA2101_2,UFJA2101,CWAD,6,0.9924238552284291,396.54075435081205,2772.1694444444443,2498,2021-07-05,2021-07-06,1
9,UFJA2101_2,UFJA2101,CHTD,6,0.9625736942961101,0.22536762212919295,1.1613541666666667,1.2483333333333333,2021-07-05,2021-07-06,1
9,UFJA2101_2,UFJA2101,CWID,4,0.46125023815707367,0.28917391096233075,0.44853125,0.2,2021-07-05,2021-07-06,1
10,UFJA2101_3,UFJA2101,L#SD,1,0,0.3000000000000007,15,15.3,2021-06-25,2021-06-18,-7
10,UFJA2101_3,UFJA2101,SWAD,3,0.9454049881682062,44.556125654429756,450.5,490.6666666666667,2021-06-25,2021-06-18,-7
10,UFJA2101_3,UFJA2101,GWAD,1,0,129.075,67.925,197,2021-06-25,2021-06-18,-7
10,UFJA2101_3,UFJA2101,RWAD,2,0.541298725631327,96.12336090930239,102.39749999999998,198.5,2021-06-25,2021-06-18,-7
10,UFJA2101_3,UFJA2101,CWAD,3,0.9267451764361674,96.20555359056291,838.0583333333333,920.3333333333334,2021-06-25,2021-06-18,-7
10,UFJA2101_3,UFJA2101,CHTD,2,0.8022258778238702,0.18658779025494202,0.5154583333333334,0.6950000000000001,2021-06-25,2021-06-18,-7
10,UFJA2101_3,UFJA2101,CWID,0,NA,NA,NA,NA,2021-06-25,2021-06-18,-7
11,UFJA2101_4,UFJA2101,L#SD,1,0,0.6500000000000004,15.75,15.1,2021-06-25,2021-06-18,-7
11,UFJA2101_4,UFJA2101,SWAD,3,0.9468207725485114,189.46276239233222,1240.1,1115.6666666666667,2021-06-25,2021-06-18,-7
11,UFJA2101_4,UFJA2101,GWAD,3,0.2727426239557045,559.8515169593334,280.675,823.6666666666666,2021-06-25,2021-06-18,-7
11,UFJA2101_4,UFJA2101,RWAD,2,0.5057657112087932,101.75783139395219,411.125,424.5,2021-06-25,2021-06-18,-7
11,UFJA2101_4,UFJA2101,CWAD,3,0.9509447592039421,304.5133070436605,2164.25,2445,2021-06-25,2021-06-18,-7
11,UFJA2101_4,UFJA2101,CHTD,4,0.9806058549756066,0.09334596268719927,1.0042499999999999,0.975,2021-06-25,2021-06-18,-7
11,UFJA2101_4,UFJA2101,CWID,2,0.4984567901234568,0.03824264635194588,0.2285,0.2,2021-06-25,2021-06-18,-7
12,UFJA2201_1,UFJA2201,L#SD,3,0.938511901371039,2.0730412441627877,19.883333333333333,18,2022-06-18,2022-06-20,2
12,UFJA2201_1,UFJA2201,SWAD,4,0.7935577697869145,663.289228014446,2372.7,1759.5,2022-06-18,2022-06-20,2
12,UFJA2201_1,UFJA2201,GWAD,0,NA,NA,NA,NA,2022-06-18,2022-06-20,2
12,UFJA2201_1,UFJA2201,RWAD,3,0.06493837624457344,564.4650085522483,324.3127272727273,825,2022-06-18,2022-06-20,2
12,UFJA2201_1,UFJA2201,CWAD,4,0.8626536861885286,718.8478528000251,3743.552272727273,3034.25,2022-06-18,2022-06-20,2
12,UFJA2201_1,UFJA2201,CHTD,7,0.9758322788697346,0.19686952222931517,1.1090867346938775,1.282857142857143,2022-06-18,2022-06-20,2
12,UFJA2201_1,UFJA2201,CWID,3,0.46132971506105835,0.040671447806374765,0.225,0.2,2022-06-18,2022-06-20,2
13,UFJA2201_2,UFJA2201,L#SD,4,0.7210060716720419,4.40901853528021,21.583333333333332,18.65,2022-06-18,2022-06-20,2
13,UFJA2201_2,UFJA2201,SWAD,4,0.8564855037463104,1370.1692673463945,4980.1875,3684.25,2022-06-18,2022-06-20,2
13,UFJA2201_2,UFJA2201,GWAD,0,NA,NA,NA,NA,2022-06-18,2022-06-20,2
13,UFJA2201_2,UFJA2201,RWAD,3,0.028026514873027764,527.3978939488351,1329.6416666666667,1322,2022-06-18,2022-06-20,2
13,UFJA2201_2,UFJA2201,CWAD,4,0.979001685789835,719.1455879973894,7135.395833333333,6621.5,2022-06-18,2022-06-20,2
13,UFJA2201_2,UFJA2201,CHTD,7,0.973317757168459,0.28750389964574036,1.632422619047619,1.5,2022-06-18,2022-06-20,2
13,UFJA2201_2,UFJA2201,CWID,3,0.2543985636128331,0.2525464066265842,0.4479166666666667,0.2,2022-06-18,2022-06-20,2
14,UFJA2201_3,UFJA2201,L#SD,1,0,1.6999999999999993,13.5,15.2,2022-06-04,2022-06-05,1
14,UFJA2201_3,UFJA2201,SWAD,2,0.7769152803753319,96.34287150012132,563.0666666666666,655.5,2022-06-04,2022-06-05,1
14,UFJA2201_3,UFJA2201,GWAD,0,NA,NA,NA,NA,2022-06-04,2022-06-05,1
14,UFJA2201_3,UFJA2201,RWAD,0,NA,NA,NA,NA,2022-06-04,2022-06-05,1
14,UFJA2201_3,UFJA2201,CWAD,2,0.8912059540334869,155.11608556174951,1480,1325,2022-06-04,2022-06-05,1
14,UFJA2201_3,UFJA2201,CHTD,4,0.9100947897248736,0.2584113726212529,0.467125,0.6975,2022-06-04,2022-06-05,1
14,UFJA2201_3,UFJA2201,CWID,0,NA,NA,NA,NA,2022-06-04,2022-06-05,1
15,UFJA2201_4,UFJA2201,L#SD,1,0,0.75,15.75,15,2022-06-04,2022-06-05,1
15,UFJA2201_4,UFJA2201,SWAD,2,0.5977247679280533,615.6572961071769,1910.875,1314.5,2022-06-04,2022-06-05,1
15,UFJA2201_4,UFJA2201,GWAD,0,NA,NA,NA,NA,2022-06-04,2022-06-05,1
15,UFJA2201_4,UFJA2201,RWAD,0,NA,NA,NA,NA,2022-06-04,2022-06-05,1
15,UFJA2201_4,UFJA2201,CWAD,2,0.7167367428068894,882.6617769564965,3744.5,2887,2022-06-04,2022-06-05,1
15,UFJA2201_4,UFJA2201,CHTD,4,0.9715589894756753,0.17204900283058897,0.6284375,0.71,2022-06-04,2022-06-05,1
15,UFJA2201_4,UFJA2201,CWID,0,NA,NA,NA,NA,2022-06-04,2022-06-05,1
