experiment,TRNO,Date,row_type,n_rows
UFCI2101,1,2021-05-18,harvest_only,1
UFCI2101,1,2021-05-24,mixed_harvest,1
UFCI2101,1,2021-05-26,mixed_harvest,1
UFCI2101,1,2021-06-04,standing_only,4
UFCI2101,1,2021-06-18,mixed_harvest,4
UFCI2101,1,2021-06-18,standing_only,4
UFCI2101,1,2021-06-25,harvest_only,4
UFCI2101,1,2021-06-25,mixed_harvest,4
UFCI2101,1,2021-07-02,mixed_harvest,5
UFCI2101,1,2021-07-02,standing_only,9
UFCI2101,1,2021-07-09,standing_only,4
UFCI2101,1,2021-07-16,empty,1
UFCI2101,1,2021-07-16,mixed_harvest,4
UFCI2101,1,2021-07-16,standing_only,3
UFCI2101,1,2021-07-25,mixed_harvest,4
UFCI2101,1,2021-08-01,harvest_only,3
UFCI2101,1,2021-08-01,standing_only,4
UFCI2101,1,2021-08-15,harvest_only,1
UFCI2101,1,2021-08-15,mixed_harvest,4
UFCI2101,1,2021-08-15,standing_only,2
UFCI2101,1,2021-08-25,empty,4
UFCI2101,1,2021-08-25,mixed_harvest,3
UFCI2101,1,2021-08-25,standing_only,1
UFCI2101,1,2021-09-01,mixed_harvest,3
UFCI2101,1,2021-09-10,mixed_harvest,4
UFCI2101,1,2021-09-30,mixed_harvest,5
UFCI2101,2,2021-05-18,standing_only,3
UFCI2101,2,2021-05-25,harvest_only,3
UFCI2101,2,2021-05-25,standing_only,10
UFCI2101,2,2021-06-09,standing_only,10
UFCI2101,2,2021-06-23,standing_only,10
UFCI2101,2,2021-07-01,harvest_only,3
UFCI2101,2,2021-07-08,standing_only,10
UFCI2101,2,2021-07-19,standing_only,1
UFCI2101,2,2021-07-22,standing_only,10
UFCI2101,2,2021-08-04,harvest_only,4
UFCI2101,2,2021-08-04,standing_only,10
UFCI2101,3,2021-05-18,standing_only,3
UFCI2101,3,2021-05-25,harvest_only,3
UFCI2101,3,2021-05-25,standing_only,10
UFCI2101,3,2021-06-09,standing_only,10
UFCI2101,3,2021-06-23,standing_only,10
UFCI2101,3,2021-07-01,harvest_only,3
UFCI2101,3,2021-07-08,standing_only,10
UFCI2101,3,2021-07-19,standing_only,1
UFCI2101,3,2021-07-22,standing_only,10
UFCI2101,3,2021-08-04,harvest_only,4
UFCI2101,3,2021-08-04,standing_only,10
UFCI2201,1,2022-05-17,standing_only,3
UFCI2201,1,2022-05-24,standing_only,40
UFCI2201,1,2022-06-02,mixed_harvest,7
UFCI2201,1,2022-06-07,standing_only,40
UFCI2201,1,2022-06-21,harvest_only,4
UFCI2201,1,2022-06-21,mixed_harvest,6
UFCI2201,1,2022-06-21,standing_only,40
UFCI2201,1,2022-07-05,standing_only,40
UFCI2201,1,2022-07-08,harvest_only,4
UFCI2201,1,2022-07-12,mixed_harvest,5
UFCI2201,1,2022-07-21,harvest_only,4
UFCI2201,1,2022-07-21,mixed_harvest,10
UFCI2201,1,2022-07-21,standing_only,40
UFCI2201,1,2022-08-04,standing_only,39
UFCI2201,1,2022-08-16,standing_only,40
UFCI2201,1,2022-09-06,standing_only,40
UFCI2201,1,2022-09-15,harvest_only,4
UFCI2201,1,2022-09-15,mixed_harvest,3
UFCI2201,1,2022-09-15,standing_only,40
UFCI2201,2,2022-05-17,standing_only,3
UFCI2201,2,2022-05-24,standing_only,40
UFCI2201,2,2022-06-07,standing_only,40
UFCI2201,2,2022-06-18,harvest_only,4
UFCI2201,2,2022-06-21,standing_only,40
UFCI2201,2,2022-06-24,empty,1
UFCI2201,2,2022-06-24,mixed_harvest,7
UFCI2201,2,2022-07-05,standing_only,40
UFCI2201,2,2022-07-08,harvest_only,4
UFCI2201,2,2022-07-21,harvest_only,4
UFCI2201,2,2022-07-21,mixed_harvest,12
UFCI2201,2,2022-07-21,standing_only,40
UFCI2201,2,2022-07-28,mixed_harvest,4
UFCI2201,2,2022-08-04,standing_only,40
UFCI2201,2,2022-08-16,mixed_harvest,21
UFCI2201,2,2022-08-16,standing_only,23
UFCI2201,2,2022-08-22,mixed_harvest,4
UFCI2201,2,2022-08-30,mixed_harvest,5
UFCI2201,2,2022-09-06,standing_only,40
UFCI2201,2,2022-09-15,harvest_only,4
UFCI2201,2,2022-09-15,standing_only,40
UFCI2201,3,2022-05-17,standing_only,3
UFCI2201,3,2022-05-24,standing_only,40
UFCI2201,3,2022-06-02,mixed_harvest,6
UFCI2201,3,2022-06-02,standing_only,3
UFCI2201,3,2022-06-07,standing_only,40
UFCI2201,3,2022-06-21,harvest_only,4
UFCI2201,3,2022-06-21,standing_only,40
UFCI2201,3,2022-06-24,harvest_only,5
UFCI2201,3,2022-07-05,standing_only,40
UFCI2201,3,2022-07-21,harvest_only,4
UFCI2201,3,2022-07-21,standing_only,40
UFCI2201,3,2022-07-28,standing_only,1
UFCI2201,3,2022-08-04,standing_only,40
UFCI2201,3,2022-08-08,harvest_only,3
UFCI2201,4,2022-05-24,standing_only,50
UFCI2201,4,2022-06-07,standing_only,50
UFCI2201,4,2022-06-08,mixed_harvest,7
UFCI2201,4,2022-06-21,harvest_only,5
UFCI2201,4,2022-06-21,mixed_harvest,5
UFCI2201,4,2022-06-21,standing_only,50
UFCI2201,4,2022-07-05,standing_only,50
UFCI2201,4,2022-07-08,harvest_only,5
UFCI2201,4,2022-07-08,mixed_harvest,4
UFCI2201,4,2022-07-21,harvest_only,5
UFCI2201,4,2022-07-21,standing_only,50
UFCI2201,4,2022-08-04,standing_only,50
UFCI2201,4,2022-08-08,harvest_only,5
UFJA2101,1,2021-06-29,standing_only,4
UFJA2101,1,2021-07-02,mixed_harvest,4
UFJA2101,1,2021-07-07,mixed_harvest,3
UFJA2101,1,2021-07-14,standing_only,8
UFJA2101,1,2021-07-25,harvest_only,2
UFJA2101,1,2021-07-25,mixed_harvest,2
UFJA2101,1,2021-08-02,standing_only,5
UFJA2101,1,2021-08-14,mixed_harvest,3
UFJA2101,1,2021-08-14,standing_only,2
UFJA2101,1,2021-09-25,empty,1
UFJA2101,1,2021-09-25,harvest_only,3
UFJA2101,2,2021-06-29,harvest_only,1
UFJA2101,2,2021-06-29,standing_only,4
UFJA2101,2,2021-07-02,empty,1
UFJA2101,2,2021-07-02,harvest_only,1
UFJA2101,2,2021-07-02,mixed_harvest,2
UFJA2101,2,2021-07-07,harvest_only,1
UFJA2101,2,2021-07-07,mixed_harvest,2
UFJA2101,2,2021-07-14,harvest_only,3
UFJA2101,2,2021-07-14,standing_only,8
UFJA2101,2,2021-07-25,harvest_only,4
UFJA2101,2,2021-08-01,standing_only,4
UFJA2101,2,2021-08-14,harvest_only,4
UFJA2101,2,2021-08-14,standing_only,8
UFJA2101,2,2021-09-25,harvest_only,4
UFJA2101,3,2021-06-29,standing_only,4
UFJA2101,3,2021-07-14,mixed_harvest,2
UFJA2101,3,2021-07-14,standing_only,5
UFJA2101,3,2021-07-25,harvest_only,4
UFJA2101,3,2021-07-29,empty,4
UFJA2101,3,2021-08-14,harvest_only,2
UFJA2101,3,2021-08-26,mixed_harvest,4
UFJA2101,4,2021-06-29,standing_only,4
UFJA2101,4,2021-07-14,mixed_harvest,2
UFJA2101,4,2021-07-14,standing_only,6
UFJA2101,4,2021-07-25,harvest_only,4
UFJA2101,4,2021-07-29,empty,2
UFJA2101,4,2021-07-29,harvest_only,2
UFJA2101,4,2021-08-02,standing_only,2
UFJA2101,4,2021-08-14,harvest_only,1
UFJA2101,4,2021-08-14,mixed_harvest,1
UFJA2101,4,2021-08-26,mixed_harvest,4
UFJA2201,1,2022-05-28,standing_only,4
UFJA2201,1,2022-06-14,standing_only,4
UFJA2201,1,2022-07-08,harvest_only,1
UFJA2201,1,2022-07-08,mixed_harvest,10
UFJA2201,1,2022-07-08,standing_only,4
UFJA2201,1,2022-07-20,harvest_only,2
UFJA2201,1,2022-07-20,mixed_harvest,3
UFJA2201,1,2022-07-29,standing_only,4
UFJA2201,1,2022-08-08,mixed_harvest,2
UFJA2201,1,2022-08-29,mixed_harvest,5
UFJA2201,2,2022-05-28,standing_only,4
UFJA2201,2,2022-06-14,standing_only,4
UFJA2201,2,2022-07-08,mixed_harvest,4
UFJA2201,2,2022-07-08,standing_only,4
UFJA2201,2,2022-07-20,harvest_only,1
UFJA2201,2,2022-07-20,mixed_harvest,3
UFJA2201,2,2022-07-29,standing_only,3
UFJA2201,2,2022-08-08,mixed_harvest,2
UFJA2201,2,2022-08-29,mixed_harvest,4
UFJA2201,3,2022-05-28,standing_only,4
UFJA2201,3,2022-06-14,standing_only,4
UFJA2201,3,2022-07-08,harvest_only,3
UFJA2201,3,2022-07-08,standing_only,4
UFJA2201,3,2022-07-20,harvest_only,3
UFJA2201,3,2022-07-29,standing_only,4
UFJA2201,4,2022-05-28,standing_only,4
UFJA2201,4,2022-06-14,standing_only,4
UFJA2201,4,2022-07-08,harvest_only,4
UFJA2201,4,2022-07-08,standing_only,4
UFJA2201,4,2022-07-20,harvest_only,4
UFJA2201,4,2022-07-29,standing_only,4
