n_cases,cwad_n,cwad_d,cwad_rmse,swad_n,swad_d,swad_rmse,score,subset_type,included,excluded
10,44,0.9880750876016887,442.5468820744574,41,0.9776912951492981,413.13729044173465,0.21739818680622217,subset_min_10,UFCI2101_1; UFCI2101_2; UFCI2101_3; UFCI2201_4; UFJA2101_2; UFJA2101_3; UFJA2101_4; UFJA2201_1; UFJA2201_3; UFJA2201_4,UFCI2201_1; UFCI2201_2; UFCI2201_3; UFJA2101_1; UFJA2201_2
10,45,0.9884636064715517,439.8304161783471,43,0.9766812380901138,416.38134186895206,0.21753941330426113,subset_min_10,UFCI2101_1; UFCI2101_2; UFCI2101_3; UFCI2201_1; UFJA2101_2; UFJA2101_3; UFJA2101_4; UFJA2201_1; UFJA2201_3; UFJA2201_4,UFCI2201_2; UFCI2201_3; UFCI2201_4; UFJA2101_1; UFJA2201_2
10,44,0.9889951625561169,443.6875850289188,42,0.9783220385079454,410.854317814718,0.21856413971818134,subset_min_10,UFCI2101_1; UFCI2101_2; UFCI2101_3; UFCI2201_3; UFJA2101_2; UFJA2101_3; UFJA2101_4; UFJA2201_1; UFJA2201_3; UFJA2201_4,UFCI2201_1; UFCI2201_2; UFCI2201_4; UFJA2101_1; UFJA2201_2
10,43,0.9885636149812652,443.1443377872938,42,0.9778976541145904,409.0704382577838,0.21925504667794962,subset_min_10,UFCI2101_1; UFCI2101_2; UFCI2101_3; UFJA2101_1; UFJA2101_2; UFJA2101_3; UFJA2101_4; UFJA2201_1; UFJA2201_3; UFJA2201_4,UFCI2201_1; UFCI2201_2; UFCI2201_3; UFCI2201_4; UFJA2201_2
10,47,0.9881053061498635,435.7638625438575,43,0.97659098709206,416.9040233729298,0.22065618095620348,subset_min_10,UFCI2101_1; UFCI2101_2; UFCI2101_3; UFCI2201_1; UFCI2201_4; UFJA2101_2; UFJA2101_4; UFJA2201_1; UFJA2201_3; UFJA2201_4,UFCI2201_2; UFCI2201_3; UFJA2101_1; UFJA2101_3; UFJA2201_2
10,47,0.988931150505013,436.848425325939,44,0.9772390408575258,414.65921361056695,0.22145153289370653,subset_min_10,UFCI2101_1; UFCI2101_2; UFCI2101_3; UFCI2201_1; UFCI2201_3; UFJA2101_2; UFJA2101_4; UFJA2201_1; UFJA2201_3; UFJA2201_4,UFCI2201_2; UFCI2201_4; UFJA2101_1; UFJA2101_3; UFJA2201_2
10,46,0.9886605812340861,439.40010006835746,42,0.978238076005316,411.39662539057474,0.22147898530410168,subset_min_10,UFCI2101_1; UFCI2101_2; UFCI2101_3; UFCI2201_3; UFCI2201_4; UFJA2101_2; UFJA2101_4; UFJA2201_1; UFJA2201_3; UFJA2201_4,UFCI2201_1; UFCI2201_2; UFJA2101_1; UFJA2101_3; UFJA2201_2
10,47,0.9879156788686685,434.46927227586497,43,0.9763454630392525,415.6457350776709,0.22194217100368074,subset_min_10,UFCI2101_1; UFCI2101_3; UFCI2201_1; UFCI2201_4; UFJA2101_2; UFJA2101_3; UFJA2101_4; UFJA2201_1; UFJA2201_3; UFJA2201_4,UFCI2101_2; UFCI2201_2; UFCI2201_3; UFJA2101_1; UFJA2201_2
10,46,0.9885546751324245,436.18262418364975,44,0.9768044701957456,412.9722755543988,0.22212544324132086,subset_min_10,UFCI2101_1; UFCI2101_2; UFCI2101_3; UFCI2201_1; UFJA2101_1; UFJA2101_2; UFJA2101_4; UFJA2201_1; UFJA2201_3; UFJA2201_4,UFCI2201_2; UFCI2201_3; UFCI2201_4; UFJA2101_3; UFJA2201_2
10,45,0.9881883207889154,438.78007311467155,42,0.9778079462256213,409.6151075975725,0.2222236207449085,subset_min_10,UFCI2101_1; UFCI2101_2; UFCI2101_3; UFCI2201_4; UFJA2101_1; UFJA2101_2; UFJA2101_4; UFJA2201_1; UFJA2201_3; UFJA2201_4,UFCI2201_1; UFCI2201_2; UFCI2201_3; UFJA2101_3; UFJA2201_2
10,47,0.9887903532701545,435.5570586760479,44,0.9770297992065614,413.4228883665195,0.22281635696355417,subset_min_10,UFCI2101_1; UFCI2101_3; UFCI2201_1; UFCI2201_3; UFJA2101_2; UFJA2101_3; UFJA2101_4; UFJA2201_1; UFJA2201_3; UFJA2201_4,UFCI2101_2; UFCI2201_2; UFCI2201_4; UFJA2101_1; UFJA2201_2
10,46,0.9884958368477327,438.08830318745083,42,0.9780329229215785,410.0910303873781,0.2229212102397228,subset_min_10,UFCI2101_1; UFCI2101_3; UFCI2201_3; UFCI2201_4; UFJA2101_2; UFJA2101_3; UFJA2101_4; UFJA2201_1; UFJA2201_3; UFJA2201_4,UFCI2101_2; UFCI2201_1; UFCI2201_2; UFJA2101_1; UFJA2201_2
10,45,0.9890710662340436,439.90500988311703,43,0.9784166041685791,407.44880221537545,0.2233889761947268,subset_min_10,UFCI2101_1; UFCI2101_2; UFCI2101_3; UFCI2201_3; UFJA2101_1; UFJA2101_2; UFJA2101_4; UFJA2201_1; UFJA2201_3; UFJA2201_4,UFCI2201_1; UFCI2201_2; UFCI2201_4; UFJA2101_3; UFJA2201_2
10,47,0.9883284280777359,433.0389742175635,43,0.9767479230789184,416.68300904402554,0.2234865702587876,subset_min_10,UFCI2101_1; UFCI2101_2; UFCI2201_1; UFCI2201_4; UFJA2101_2; UFJA2101_3; UFJA2101_4; UFJA2201_1; UFJA2201_3; UFJA2201_4,UFCI2101_3; UFCI2201_2; UFCI2201_3; UFJA2101_1; UFJA2201_2
10,46,0.9883841439219917,434.8611216116156,44,0.9765693642043903,411.7308848869126,0.22354642124362747,subset_min_10,UFCI2101_1; UFCI2101_3; UFCI2201_1; UFJA2101_1; UFJA2101_2; UFJA2101_3; UFJA2101_4; UFJA2201_1; UFJA2201_3; UFJA2201_4,UFCI2101_2; UFCI2201_2; UFCI2201_3; UFCI2201_4; UFJA2201_2
13,66,0.9866247429137742,551.4017950699409,58,0.9836485973967298,403.537555486558,0.2566683638675457,subset_min_12,UFCI2101_1; UFCI2101_2; UFCI2101_3; UFCI2201_1; UFCI2201_2; UFCI2201_3; UFCI2201_4; UFJA2101_1; UFJA2101_2; UFJA2101_3; UFJA2101_4; UFJA2201_1; UFJA2201_3,UFJA2201_2; UFJA2201_4
12,64,0.986554154314309,559.2793635286856,56,0.9835028762239884,410.27657279071474,0.2628514995393185,subset_min_12,UFCI2101_1; UFCI2101_2; UFCI2101_3; UFCI2201_1; UFCI2201_2; UFCI2201_3; UFCI2201_4; UFJA2101_1; UFJA2101_2; UFJA2101_3; UFJA2101_4; UFJA2201_1,UFJA2201_2; UFJA2201_3; UFJA2201_4
12,63,0.9867549420669895,560.4521268869023,55,0.9837453201242206,412.02780111205385,0.2639418808601263,subset_min_12,UFCI2101_1; UFCI2101_2; UFCI2101_3; UFCI2201_1; UFCI2201_2; UFCI2201_3; UFCI2201_4; UFJA2101_1; UFJA2101_2; UFJA2101_3; UFJA2201_1; UFJA2201_3,UFJA2101_4; UFJA2201_2; UFJA2201_4
12,63,0.9864745756416914,562.4191811447494,55,0.9833870825617296,414.0924483456695,0.26536871457413147,subset_min_12,UFCI2101_1; UFCI2101_2; UFCI2201_1; UFCI2201_2; UFCI2201_3; UFCI2201_4; UFJA2101_1; UFJA2101_2; UFJA2101_3; UFJA2101_4; UFJA2201_1; UFJA2201_3,UFCI2101_3; UFJA2201_2; UFJA2201_4
12,55,0.9891635225896606,409.9756475043859,50,0.9782052513329542,389.7717132752355,0.26558006602421846,subset_min_12,UFCI2101_1; UFCI2101_2; UFCI2101_3; UFCI2201_1; UFCI2201_3; UFCI2201_4; UFJA2101_2; UFJA2101_3; UFJA2101_4; UFJA2201_1; UFJA2201_3; UFJA2201_4,UFCI2201_2; UFJA2101_1; UFJA2201_2
12,63,0.9861843456323488,563.2415183993518,55,0.9831966465765672,413.2766273972804,0.2664554227820339,subset_min_12,UFCI2101_1; UFCI2101_3; UFCI2201_1; UFCI2201_2; UFCI2201_3; UFCI2201_4; UFJA2101_1; UFJA2101_2; UFJA2101_3; UFJA2101_4; UFJA2201_1; UFJA2201_3,UFCI2101_2; UFJA2201_2; UFJA2201_4
14,68,0.9856612293004942,563.9290166926428,60,0.982372079412622,412.3699030483812,0.26681107121116554,subset_min_12,UFCI2101_1; UFCI2101_2; UFCI2101_3; UFCI2201_1; UFCI2201_2; UFCI2201_3; UFCI2201_4; UFJA2101_1; UFJA2101_2; UFJA2101_3; UFJA2101_4; UFJA2201_1; UFJA2201_3; UFJA2201_4,UFJA2201_2
12,63,0.9863153994597634,563.9871310081169,55,0.9832870277095426,414.2663319632976,0.2672320443076553,subset_min_12,UFCI2101_1; UFCI2101_2; UFCI2101_3; UFCI2201_1; UFCI2201_2; UFCI2201_3; UFCI2201_4; UFJA2101_1; UFJA2101_2; UFJA2101_4; UFJA2201_1; UFJA2201_3,UFJA2101_3; UFJA2201_2; UFJA2201_4
12,54,0.9888877921515176,408.8562863315963,50,0.9779096885496318,388.1924329255061,0.2678679275009414,subset_min_12,UFCI2101_1; UFCI2101_2; UFCI2101_3; UFCI2201_1; UFCI2201_4; UFJA2101_1; UFJA2101_2; UFJA2101_3; UFJA2101_4; UFJA2201_1; UFJA2201_3; UFJA2201_4,UFCI2201_2; UFCI2201_3; UFJA2201_2
12,62,0.9878039255702218,538.8148744282555,54,0.9863982313127817,377.2477819169478,0.2678822193848737,subset_min_12,UFCI2101_1; UFCI2101_2; UFCI2101_3; UFCI2201_1; UFCI2201_2; UFCI2201_3; UFCI2201_4; UFJA2101_1; UFJA2101_2; UFJA2101_3; UFJA2101_4; UFJA2201_3,UFJA2201_1; UFJA2201_2; UFJA2201_4
12,54,0.9894755805253601,409.8623962229945,51,0.9783391928330248,386.69901042253093,0.26853042462964494,subset_min_12,UFCI2101_1; UFCI2101_2; UFCI2101_3; UFCI2201_1; UFCI2201_3; UFJA2101_1; UFJA2101_2; UFJA2101_3; UFJA2101_4; UFJA2201_1; UFJA2201_3; UFJA2201_4,UFCI2201_2; UFCI2201_4; UFJA2201_2
13,64,0.9868213055068219,552.8069664380835,56,0.9850866665324449,388.2912616379957,0.2702383576880299,subset_min_12,UFCI2101_1; UFCI2101_2; UFCI2101_3; UFCI2201_1; UFCI2201_2; UFCI2201_3; UFCI2201_4; UFJA2101_1; UFJA2101_2; UFJA2101_3; UFJA2101_4; UFJA2201_3; UFJA2201_4,UFJA2201_1; UFJA2201_2
12,56,0.9892172342188955,407.318296818397,51,0.9782731821890907,387.1735361087779,0.27095643523642815,subset_min_12,UFCI2101_1; UFCI2101_2; UFCI2101_3; UFCI2201_1; UFCI2201_3; UFCI2201_4; UFJA2101_1; UFJA2101_2; UFJA2101_4; UFJA2201_1; UFJA2201_3; UFJA2201_4,UFCI2201_2; UFJA2101_3; UFJA2201_2
12,53,0.9893336737028015,411.69971739622105,49,0.9793487518991197,382.5068885283872,0.271016017815488,subset_min_12,UFCI2101_1; UFCI2101_2; UFCI2101_3; UFCI2201_3; UFCI2201_4; UFJA2101_1; UFJA2101_2; UFJA2101_3; UFJA2101_4; UFJA2201_1; UFJA2201_3; UFJA2201_4,UFCI2201_1; UFCI2201_2; UFJA2201_2
12,62,0.9862336169569784,567.8578352836679,54,0.9832428643092432,416.9985651936362,0.27156963682300267,subset_min_12,UFCI2101_1; UFCI2101_2; UFCI2101_3; UFCI2201_1; UFCI2201_2; UFCI2201_3; UFCI2201_4; UFJA2101_2; UFJA2101_3; UFJA2101_4; UFJA2201_1; UFJA2201_3,UFJA2101_1; UFJA2201_2; UFJA2201_4
8,33,0.9869524036277657,474.3900629880537,32,0.9761532832251189,430.7792714545705,0.19598610857527876,subset_min_8,UFCI2101_1; UFCI2101_2; UFCI2101_3; UFJA2101_3; UFJA2101_4; UFJA2201_1; UFJA2201_3; UFJA2201_4,UFCI2201_1; UFCI2201_2; UFCI2201_3; UFCI2201_4; UFJA2101_1; UFJA2101_2; UFJA2201_2
8,37,0.9871378996507044,474.6470621729125,36,0.9757907818793814,440.0525356158387,0.1970232053293764,subset_min_8,UFCI2101_1; UFCI2101_3; UFJA2101_1; UFJA2101_2; UFJA2101_4; UFJA2201_1; UFJA2201_3; UFJA2201_4,UFCI2101_2; UFCI2201_1; UFCI2201_2; UFCI2201_3; UFCI2201_4; UFJA2101_3; UFJA2201_2
8,35,0.9860636740864266,465.7748309024477,32,0.9756521599269712,429.82362145127007,0.19726841137611245,subset_min_8,UFCI2101_1; UFCI2101_3; UFCI2201_4; UFJA2101_3; UFJA2101_4; UFJA2201_1; UFJA2201_3; UFJA2201_4,UFCI2101_2; UFCI2201_1; UFCI2201_2; UFCI2201_3; UFJA2101_1; UFJA2101_2; UFJA2201_2
8,35,0.9864157578410828,467.39603091097246,32,0.9760255002892861,431.4580413167191,0.19731681270846424,subset_min_8,UFCI2101_1; UFCI2101_2; UFCI2101_3; UFCI2201_4; UFJA2101_4; UFJA2201_1; UFJA2201_3; UFJA2201_4,UFCI2201_1; UFCI2201_2; UFCI2201_3; UFJA2101_1; UFJA2101_2; UFJA2101_3; UFJA2201_2
8,36,0.9869404542023869,479.85144297370067,35,0.9755647064078834,444.7244138928972,0.19773463603460545,subset_min_8,UFCI2101_1; UFCI2101_3; UFJA2101_2; UFJA2101_3; UFJA2101_4; UFJA2201_1; UFJA2201_3; UFJA2201_4,UFCI2101_2; UFCI2201_1; UFCI2201_2; UFCI2201_3; UFCI2201_4; UFJA2101_1; UFJA2201_2
8,34,0.9871340765026582,468.8212042253584,33,0.9763455419648331,425.9476514860499,0.19776205198621905,subset_min_8,UFCI2101_1; UFCI2101_2; UFCI2101_3; UFJA2101_1; UFJA2101_4; UFJA2201_1; UFJA2201_3; UFJA2201_4,UFCI2201_1; UFCI2201_2; UFCI2201_3; UFCI2201_4; UFJA2101_2; UFJA2101_3; UFJA2201_2
8,34,0.9868289024365745,467.1573280379607,33,0.97599823276093145,424.34227151839417,0.197966407198713,subset_min_8,UFCI2101_1; UFCI2101_3; UFJA2101_1; UFJA2101_3; UFJA2101_4; UFJA2201_1; UFJA2201_3; UFJA2201_4,UFCI2101_2; UFCI2201_1; UFCI2201_2; UFCI2201_3; UFCI2201_4; UFJA2101_2; UFJA2201_2
8,36,0.9868197390920791,461.91334711332615,34,0.9744861999670511,432.8097308755001,0.1980136962705052,subset_min_8,UFCI2101_1; UFCI2101_3; UFCI2201_1; UFJA2101_3; UFJA2101_4; UFJA2201_1; UFJA2201_3; UFJA2201_4,UFCI2101_2; UFCI2201_2; UFCI2201_3; UFCI2201_4; UFJA2101_1; UFJA2101_2; UFJA2201_2
8,36,0.9870981411882601,463.50272173512116,34,0.9748563161715885,434.33760297850233,0.1980194968780376,subset_min_8,UFCI2101_1; UFCI2101_2; UFCI2101_3; UFCI2201_1; UFJA2101_4; UFJA2201_1; UFJA2201_3; UFJA2201_4,UFCI2201_2; UFCI2201_3; UFCI2201_4; UFJA2101_1; UFJA2101_2; UFJA2101_3; UFJA2201_2
8,37,0.9877732786205711,474.2522185221124,36,0.9765390976162619,439.5304080510735,0.19805279694240294,subset_min_8,UFCI2101_1; UFCI2101_2; UFCI2101_3; UFJA2101_2; UFJA2101_3; UFJA2101_4; UFJA2201_1; UFJA2201_4,UFCI2201_1; UFCI2201_2; UFCI2201_3; UFCI2201_4; UFJA2101_1; UFJA2201_2; UFJA2201_3
8,37,0.9875219219343545,471.4685648006848,36,0.97608633570389,439.80242838535736,0.19807299620621427,subset_min_8,UFCI2101_1; UFJA2101_1; UFJA2101_2; UFJA2101_3; UFJA2101_4; UFJA2201_1; UFJA2201_3; UFJA2201_4,UFCI2101_2; UFCI2101_3; UFCI2201_1; UFCI2201_2; UFCI2201_3; UFCI2201_4; UFJA2201_2
8,38,0.987677076034571,467.78786155557225,37,0.9764103164787806,433.67244691505164,0.1983553060016654,subset_min_8,UFCI2101_1; UFCI2101_3; UFJA2101_1; UFJA2101_2; UFJA2101_3; UFJA2101_4; UFJA2201_1; UFJA2201_4,UFCI2101_2; UFCI2201_1; UFCI2201_2; UFCI2201_3; UFCI2201_4; UFJA2201_2; UFJA2201_3
8,38,0.9864292773896443,473.1979015202057,35,0.9754365987542899,445.3256109986126,0.1983973832035364,subset_min_8,UFCI2101_1; UFCI2101_3; UFCI2201_4; UFJA2101_2; UFJA2101_4; UFJA2201_1; UFJA2201_3; UFJA2201_4,UFCI2101_2; UFCI2201_1; UFCI2201_2; UFCI2201_3; UFJA2101_1; UFJA2101_3; UFJA2201_2
8,38,0.987921816579458,469.27487039023646,37,0.9767161833601457,435.07385338868323,0.1985317011238809,subset_min_8,UFCI2101_1; UFCI2101_2; UFCI2101_3; UFJA2101_1; UFJA2101_2; UFJA2101_4; UFJA2201_1; UFJA2201_4,UFCI2201_1; UFCI2201_2; UFCI2201_3; UFCI2201_4; UFJA2101_3; UFJA2201_2; UFJA2201_3
8,37,0.9877782682647348,472.9838138577458,36,0.976405367848122,441.22268892475455,0.1986213661807262,subset_min_8,UFCI2101_1; UFCI2101_2; UFJA2101_1; UFJA2101_2; UFJA2101_4; UFJA2201_1; UFJA2201_3; UFJA2201_4,UFCI2101_3; UFCI2201_1; UFCI2201_2; UFCI2201_3; UFCI2201_4; UFJA2101_3; UFJA2201_2
